jcl_member,permanent_sort_datasets,dataset_count,examples
JCP0756R,10,49,PRDCRD.BTHSEQ.MY20A2.PDB.EDC.SORT PRDCRD.BTHSEQ.MY20A2.PDB.IPT.SORT PRDCRD.BTHSEQ.MY20A2.PDB.MAN.SORT PRDCRD.BTHSEQ.MY20A2.PDB.MSTMH.SORT PRDCRD.BTHSEQ.MY20A2.PDB.MSTMT.SORTED PRDCRD.WRKSEQ.MY20A2.POSTED.SORT
JCP0540R,6,30,PRDCRD.BTHSEQ.MY20A2.MERCHFL.SORT PRDCRD.BTHSEQ.MY20A2.MERCHFL.SORT1 PRDCRD.BTHSEQ.MY20A2.MERCHFL.SORT2 PRDCRD.BTHSEQ.MY20A2.PETTRX.SORT PRDCRD.BTHSEQ.MY20A2.PETTRXIN.SORT PRDCRD.BTHSEQ.MY20A2.PETTRXOU.SORT
JCP0214R,4,23,PRDCRD.WRKSEQ.MY20A2.HLFYR.OFFUS.SRT PRDCRD.WRKSEQ.MY20A2.MERPAY.MLY.SRT PRDCRD.WRKSEQ.MY20A2.MERPAY.QLY.SRT PRDCRD.WRKSEQ.MY20A2.OATFRPT.SORT
JCP0363R,4,10,PRDCRD.WRKSEQ.MY20A2.CPHST.SORT1 PRDCRD.WRKSEQ.MY20A2.CPHST.SORT2 PRDCRD.WRKSEQ.MY20A2.CPOLS.SORT1 PRDCRD.WRKSEQ.MY20A2.CPOLS.SORT2
JCP0848U,4,17,&ENV.CRD.WRKSEQ.&VER.DMS.COLLID.SORT &ENV.CRD.WRKSEQ.&VER.DMS.TLDEBTP.SORT PRDCRD.WRKSEQ.MY20A2.DMS.COLLID.SORT PRDCRD.WRKSEQ.MY20A2.DMS.TLDEBTP.SORT
JCP1233U,4,11,&ENV.CIS.WRKSEQ.&VER.CRD.EIS.SORT &ENV.CIS.WRKSEQ.&VER.EISCC.SORTED PRDCIS.WRKSEQ.MY20A2.CRD.EIS.SORT PRDCIS.WRKSEQ.MY20A2.EISCC.SORTED
JCP0416R,3,34,PRDCRD.WRKSEQ.MY20A2.DBG.PREMIUM.SORT PRDCRD.WRKSEQ.MY20A2.NOWAIVE.SORT PRDCRD.WRKSEQ.MY20A2.WAIVE.SORT
JCP0459R,3,50,&ENV.CRD.WRKSEQ.&VER.MAS.DMRRWRK.SORT &ENV.CRD.WRKSEQ.&VER.MAS.MERCHANT.SORT &ENV.CRD.WRKVSM.&VER.MAS.MASSTMT.SORT
JCP0497U,3,17,PRDCRD.WRKSEQ.MY20A2.ISSRPT.SORT1 PRDCRD.WRKSEQ.MY20A2.REJECT.SORTED PRDCRD.WRKSEQ.MY20A2.REJECT1.SORTED
JCP0695R,3,33,PRDCRD.WRKSEQ.MY20A2.CONTEST.SORT1 PRDCRD.WRKSEQ.MY20A2.CONTEST.SORT2 PRDCRD.WRKSEQ.MY20A2.CONTEST.SORT3
JCP0708U,3,10,PRDCRD.WRKSEQ.MY20A2.CONTESTA.SORT1 PRDCRD.WRKSEQ.MY20A2.CONTESTA.SORT2 PRDCRD.WRKSEQ.MY20A2.CPAPF.SORT
JCP1012U,3,16,PRDCRD.BTHSEQ.MY20A2.PDB.IPT.SORTED PRDCRD.BTHSEQ.MY20A2.PDB.MSTMH.SORT PRDCRD.BTHSEQ.MY20A2.PDB.MSTMT.SORTED
JCP1068U,3,40,&ENV.CRD.WRKSEQ.&VER.CPOLS.SORT PRDCRD.WRKSEQ.MY20A2.CPOLS.SORT PRDEPP.WRKSEQ.MY20A2.EPATBF.SORTED
JCP1235U,3,12,&ENV.CIS.WRKSEQ.&VER.EIS103.SORT PRDCIS.WRKSEQ.MY20A2.EIS103.SORT PRDCIS.WRKSEQ.MY20A2.EIS113.SORT
JCL0590R,2,27,&ENV.CLB.WRKSEQ.&VER.MAS.LBEMXFR.SORT PRDCLB.WRKSEQ.MY20A2.MAS.LBEMXFR.SORT
JCP0531U,2,16,PRDCRD.BTHSEQ.MY20A2.ADB.CCARD.SORT PRDCRD.WRKSEQ.MY20A2.ADB.CPDRFL.SORTED
JCP0533U,2,12,PRDCRD.BTHSEQ.MY20A2.ADB.CPTUI.ADEBIT.SORTED PRDCRD.WRKSEQ.MY20A2.ADB.ADVICE.CCARD.SORTED
JCP0543R,2,15,PRDCRD.BTHSEQ.MY20A2.EPETTRX.SORT PRDCRD.BTHSEQ.MY20A2.QMTMPTN.SORT
JCP0657R,2,15,&ENV.CRD.BTHSEQ.&VER.EDCTOCP.SORTED PRDCRD.BTHSEQ.MY20A2.EDCTOCP.SORTED
JCP0770U,2,12,PRDCRD.WRKSEQ.MY20A2.CCD.VMJRNL.CCDS.SORT PRDCRD.WRKSEQ.MY20A2.SMS.VMJRNL.SORT
JCP0842R,2,11,PRDCRD.BTHSEQ.MY20A2.DMS.DIALER.INBOUND.SRT PRDCRD.BTHSEQ.MY20A2.DMS.DIALER.OUTBOUND.SRT
JCP0948U,2,10,PRDCRD.BTHSEQ.MY20A2.EDCTOCP.SORTED PRDCRD.BTHSEQ.MY20A2.GFM.G615R.MASGL.SORT1
JCP0950R,2,3,PRDCRD.WRKSEQ.MY20A2.GFM.CIFILE.SORT PRDCRD.WRKSEQ.MY20A2.GFM.CIFILE.SORT2
JCP1175R,2,14,&ENV.CRD.WRKSEQ.&VER.G615R.MASGL.SORT PRDCRD.WRKSEQ.MY20A2.G615R.MASGL.SORT
JCP1234U,2,7,PRDCIS.WRKSEQ.MY20A2.BNSTRN.SORT PRDCIS.WRKSEQ.MY20A2.BNSTRN.SORT2
JCP1236U,2,28,&ENV.CIS.WRKSEQ.&VER.EIS113.SORTED PRDCIS.WRKSEQ.MY20A2.EIS113.SORTED
JCP1293U,2,12,PRDCIS.BTHSEQ.MY20A2.CPPRJ.SRT PRDCIS.BTHVSM.MY20A2.CPPRJ.SRT
JCP1340U,2,31,&ENV.CRD.WRKSEQ.&VER.SAS.CXISS.SRT PRDCRD.WRKSEQ.MY20A2.SAS.CXISS.SRT
CONV6J2,1,4,&ENV.EDC.BTHSEQ.&VER.TMKIDX.SORT
JAUDR86,1,13,&ENV.CAU.BTHSEQ.&VER.ISSRA86.SORT
JB2BSTMC,1,32,&ENV.CIS.BTHSEQ.&VER.STMT.B2B.RAW6.SORTED
JCNPRC10,1,11,PRDCRD.BTHSEQ.MY20A2.CNPRECV.SORT
JCNPRC20,1,12,PRDCIS.BTHSEQ.MY20A2.CPCTL.CNPRC20.SORT
JCP0203R,1,14,PRDEDC.WRKSEQ.MY20A2.EDCWRK.SORT
JCP0506U,1,30,PRDCIS.BTHSEQ.MY20A2.GLFSAHCI.SRT
JCP05081,1,50,PRDCRD.WRKSEQ.MY20A2.EMV.R.CPEMBV1.SORT
JCP0537U,1,24,PRDCRD.WRKVSM.MY20A2.MCR.MAS.MCHCO.SRT
JCP0577U,1,12,PRDCRD.WRKSEQ.MY20A2.HRM.PMT.HRMIS.SORTED
JCP0609U,1,20,PRDCRD.BTHSEQ.MY20A2.RTB.CPBPLT.SORT
JCP0746B,1,33,PRDCRD.WRKSEQ.MY20A2.EMV.OUTS.CPAGENT.SORT
JCP0746R,1,33,PRDCRD.WRKSEQ.MY20A2.EMV.OUTS.CPAGENT.SORT
JCP0758U,1,14,PRDCRD.BTHSEQ.MY20A2.LPS.BP.SORT
JCP0758Y,1,3,PRDCRD.BTHSEQ.MY20A2.LPS.BP.SORT
JCP0766R,1,50,PRDCRD.WRKSEQ.MY20A2.CQD720.CQMSTM.SORT1
JCP0766Y,1,37,PRDCRD.WRKSEQ.MY20A2.CQD720.CQMSTM.SORT1
JCP0806U,1,31,PRDCRD.BTHSEQ.MY20A2.CUP.SETTL.SORT
JCP0861B,1,46,PRDCRD.WRKSEQ.MY20A2.EMV.GMT.CPAGENT.SORT
JCP0861R,1,46,PRDCRD.WRKSEQ.MY20A2.EMV.GMT.CPAGENT.SORT
JCP0942U,1,20,PRDCLB.BTHSEQ.MY20A2.LBCRD.SORT
JCP0947U,1,20,PRDCRD.WRKSEQ.MY20A2.GFM.NPLMST.SORTED
JCP0999R,1,9,PRDCRD.WRKSEQ.MY20A2.BNMOLMER.RPTOLMER.SORT
JCP1016U,1,7,PRDCRD.WRKSEQ.MY20A2.ORGTC.SORTED
JCP1030U,1,10,PRDCRD.BTHSEQ.MY20A2.TNGPART.SORT1
JCP1105U,1,17,&ENV.CIS.BTHSEQ.&VER.STMT.RAWFILE.SORTED
JCP1113U,1,26,PRDCIS.BTHSEQ.MY20A2.STMT.RAWFILE6.SORTED
JCP1114R,1,9,PRDCIS.BTHSEQ.MY20A2.STMT.RAWFILE6.SORTED
JCP1114U,1,8,PRDCIS.BTHSEQ.MY20A2.STMT.RAWFILE6.SORTED
JCP1291U,1,20,PRDCLB.BTHSEQ.MY20A2.LBCRD.SORT
JCP1310R,1,8,PRDCRD.BTHSEQ.MY20A2.LPS.BP.SORT
JCP1333R,1,24,PRDCRD.WRKSEQ.MY20A2.OWLIMIT.CRDPLT.SORT
