jcl_member,runs,avg_min,p95_min,max_min,needs_dynalloc,permanent_sort_datasets,mapped_to_a7,total_min_jun26
JCP1028U,32,46.12,48.45,60.67,Y,0,Yes,1476
JCP0506U,32,32.68,35.55,35.80,,1,Yes,1046
JCP0206R,1,16.63,16.63,16.63,Y,0,No,17
JCP0214R,1,15.48,15.48,15.48,Y,4,No,15
JCP0540R,1,12.58,12.58,12.58,Y,6,No,13
JCP0653R,1,12.47,12.47,12.47,Y,0,No,12
JCP0459R,32,9.08,14.82,15.92,,3,Yes,291
JCP0497U,32,7.55,8.93,9.05,Y,3,No,242
JCP0416R,1,6.23,6.23,6.23,,3,Yes,6
JCP0680U,32,5.71,6.58,6.85,Y,0,Yes,183
JCP0708U,32,4.73,7.08,7.82,Y,3,Yes,151
JCP0718R,1,3.77,3.77,3.77,Y,0,No,4
JCP0766R,32,3.70,4.62,5.27,,1,Yes,118
JCP1333R,32,3.61,4.13,4.25,,1,No,116
JCP1303U,32,3.41,3.97,4.27,Y,0,No,109
JCP1100U,32,3.27,14.52,15.63,Y,0,Yes,105
JCP0363R,1,2.28,2.28,2.28,,4,No,2
JCP0543R,1,2.27,2.27,2.27,Y,2,No,2
JCF28363,32,2.07,2.52,2.60,Y,0,Yes,66
JCF28362,32,1.78,2.53,2.63,Y,0,Yes,57
JCP1212R,1,1.60,1.60,1.60,Y,0,No,2
JCP0756R,32,1.47,2.17,2.40,,10,No,47
JCP1210R,1,1.42,1.42,1.42,Y,0,No,1
JCP0992U,32,1.25,1.35,1.38,Y,0,Yes,40
JCP0203R,32,1.14,1.52,2.33,Y,1,No,36
JCP1176R,32,1.13,1.93,2.22,Y,0,No,36
JCP1345R,1,1.13,1.13,1.13,Y,0,No,1
JCF26811,32,1.12,1.18,1.18,Y,0,No,36
JCP1274U,32,1.02,1.47,2.08,Y,0,Yes,33
JCP0355R,32,1.01,1.15,1.23,Y,0,No,32
JCP0609U,32,0.94,1.00,1.02,,1,Yes,30
JCP1211R,1,0.93,0.93,0.93,Y,0,No,1
JCF28361,32,0.91,1.77,1.87,Y,0,Yes,29
JCF28402,32,0.78,0.92,0.93,Y,0,No,25
JCF27781,32,0.77,0.88,0.92,Y,0,No,25
JCP0208R,1,0.77,0.77,0.77,Y,0,No,1
JCP0785U,32,0.72,1.00,1.02,Y,0,No,23
JCF28181,32,0.70,0.75,0.78,Y,0,No,22
JCP1332R,34,0.69,1.30,1.32,Y,0,Yes,23
JCF28403,32,0.67,0.78,0.80,Y,0,No,21
JCP0537U,32,0.57,0.95,0.97,Y,1,Yes,18
JCP0698R,1,0.57,0.57,0.57,Y,0,No,1
JCF28401,32,0.56,0.65,0.65,Y,0,No,18
JCP0935U,32,0.56,0.70,0.82,Y,0,No,18
JCP0930U,32,0.55,0.70,0.73,Y,0,No,18
JCP0932U,32,0.52,0.67,0.67,Y,0,No,17
JCP0861R,32,0.49,0.57,0.63,,1,No,16
JCP1340U,32,0.48,0.52,0.53,,2,Yes,15
JB2BSTMC,32,0.44,0.55,0.92,,1,Yes,14
JCFKYCX1,32,0.42,0.45,0.45,Y,0,Yes,13
JCP0746R,2,0.42,0.45,0.45,,1,Yes,1
JCF23303,32,0.41,0.47,0.48,Y,0,Yes,13
JCF23304,32,0.41,0.47,0.47,Y,0,Yes,13
JCP1233U,32,0.40,0.47,0.47,Y,4,No,13
JCF2549A,32,0.39,0.48,0.50,Y,0,No,12
JCF28551,32,0.39,0.45,0.45,Y,0,Yes,12
JCFKSIB1,32,0.39,0.45,0.83,Y,0,Yes,12
JCP0802U,32,0.39,0.48,0.60,Y,0,Yes,12
JCF22741,32,0.38,0.43,0.50,Y,0,No,12
JCF28404,32,0.38,0.40,0.40,Y,0,No,12
JCP0758U,33,0.38,0.43,0.47,Y,1,No,13
JCP0803U,2,0.38,0.42,0.42,Y,0,Yes,1
JCF25499,32,0.37,0.40,0.50,Y,0,No,12
JCF2549D,32,0.37,0.42,0.47,Y,0,No,12
JCF2585U,32,0.37,0.40,0.42,Y,0,No,12
JCF28671,8,0.37,0.38,0.38,Y,0,No,3
JCP0773U,32,0.37,0.38,0.40,Y,0,Yes,12
JCF23301,32,0.36,0.37,0.37,Y,0,Yes,12
JCF23302,32,0.36,0.37,0.38,Y,0,Yes,12
JCF25491,32,0.36,0.38,0.45,Y,0,No,12
JCF25493,32,0.36,0.38,0.40,Y,0,No,12
JCF25495,32,0.36,0.38,0.42,Y,0,No,12
JCF25496,32,0.36,0.38,0.45,Y,0,No,12
JCF25497,32,0.36,0.40,0.47,Y,0,No,12
JCF25498,32,0.36,0.40,0.47,Y,0,No,12
JCF2549B,32,0.36,0.38,0.45,Y,0,No,12
JCF2549C,32,0.36,0.38,0.43,Y,0,No,12
JCF2549E,32,0.36,0.40,0.50,Y,0,No,12
JCF2549F,32,0.36,0.40,0.47,Y,0,No,12
JCF2549G,32,0.36,0.38,0.45,Y,0,No,12
JCF2549H,32,0.36,0.38,0.45,Y,0,No,12
JCF2549K,32,0.36,0.38,0.42,Y,0,No,12
JCF2549L,32,0.36,0.38,0.42,Y,0,No,12
JCF2549N,32,0.36,0.38,0.38,Y,0,No,12
JCF2549O,32,0.36,0.38,0.45,Y,0,No,12
JCF2549P,32,0.36,0.38,0.42,Y,0,No,12
JCF2549Q,32,0.36,0.38,0.45,Y,0,No,12
JCF2549S,32,0.36,0.38,0.42,Y,0,No,12
JCF2549T,32,0.36,0.38,0.38,Y,0,No,12
JCF2549U,32,0.36,0.38,0.45,Y,0,No,12
JCP0623U,32,0.36,0.37,0.37,Y,0,No,12
JCP0776U,2,0.36,0.37,0.37,Y,0,Yes,1
JCF22001,32,0.35,0.35,0.35,Y,0,Yes,11
JCF2483U,32,0.35,0.37,0.38,Y,0,Yes,11
JCF25492,32,0.35,0.38,0.42,Y,0,No,11
JCF25494,32,0.35,0.38,0.38,Y,0,No,11
JCF2549I,32,0.35,0.37,0.38,Y,0,No,11
JCF2549J,32,0.35,0.38,0.40,Y,0,No,11
JCF2549M,32,0.35,0.37,0.37,Y,0,No,11
JCF2549R,32,0.35,0.37,0.38,Y,0,No,11
JCF25861,32,0.35,0.35,0.35,Y,0,No,11
JCF26351,32,0.35,0.35,0.35,Y,0,No,11
JCF26361,32,0.35,0.35,0.35,Y,0,No,11
JCF28261,3,0.35,0.35,0.35,Y,0,No,1
JCF28461,32,0.35,0.37,0.37,Y,0,No,11
JCP0775U,32,0.35,0.37,0.37,Y,0,Yes,11
JCF22002,32,0.34,0.35,0.37,Y,0,Yes,11
JCF23305,32,0.34,0.35,0.35,Y,0,Yes,11
JCF24001,32,0.34,0.35,0.35,Y,0,Yes,11
JCF24101,32,0.34,0.35,0.35,Y,0,Yes,11
JCF24201,32,0.34,0.35,0.35,Y,0,Yes,11
JCF27681,32,0.34,0.35,0.37,Y,0,No,11
JCP0697U,32,0.28,0.37,0.45,Y,0,Yes,9
JCP0952U,32,0.24,0.40,0.40,Y,0,No,8
JCP1346R,32,0.24,0.38,0.45,Y,0,No,8
JCP0825U,32,0.23,0.38,0.38,Y,0,No,7
JCP1235U,32,0.20,0.25,0.27,Y,3,No,6
JCP1114U,3,0.19,0.58,0.58,,1,No,1
JCP1114R,3,0.18,0.55,0.55,,1,No,1
JCP0780R,32,0.17,0.32,0.93,Y,0,No,5
JCP1113U,3,0.17,0.38,0.38,,1,Yes,1
JCP1344U,32,0.17,0.25,0.28,Y,0,Yes,5
JCP1278R,32,0.13,0.17,0.23,Y,0,Yes,4
JCP0577U,1,0.12,0.12,0.12,Y,1,No,0
JCP1185U,1,0.12,0.12,0.12,Y,0,No,0
JCP1293U,32,0.12,0.15,0.15,Y,2,Yes,4
JCP0531U,32,0.11,0.35,0.42,Y,2,Yes,4
JCP070UD,32,0.11,0.12,0.18,Y,0,No,4
JCP0769U,32,0.10,0.12,0.12,Y,0,No,3
JCP1187U,1,0.10,0.10,0.10,Y,0,No,0
JCP1190U,1,0.10,0.10,0.10,Y,0,No,0
JCP1231Q,32,0.09,0.15,0.23,Y,0,No,3
JCP1175R,32,0.08,0.10,0.12,,2,Yes,3
JCP1186U,1,0.08,0.08,0.08,Y,0,No,0
JCP0774U,2,0.07,0.12,0.12,Y,0,Yes,0
JCP1232Q,32,0.07,0.10,0.12,Y,0,No,2
JCP1301B,32,0.07,0.08,0.08,Y,0,No,2
JCP1310R,32,0.07,0.12,0.22,Y,1,No,2
JCP0402U,32,0.06,0.07,0.07,Y,0,No,2
JCP1213R,32,0.06,0.10,0.10,Y,0,No,2
JCP0298R,32,0.05,0.07,0.07,Y,0,No,2
JCP0657R,32,0.05,0.07,0.07,,2,Yes,2
JCP0723U,32,0.05,0.10,0.13,Y,0,No,2
JCP0806U,32,0.05,0.08,0.15,Y,1,No,2
JCP1188U,1,0.05,0.05,0.05,Y,0,No,0
JCP1189U,1,0.05,0.05,0.05,Y,0,No,0
JCP1191U,1,0.05,0.05,0.05,Y,0,No,0
JCP1192U,1,0.03,0.03,0.03,Y,0,No,0
JBRNXRFA,32,0.02,0.02,0.02,Y,0,Yes,1
JCF24701,32,0.02,0.03,0.03,Y,0,Yes,1
JCFKSIB2,32,0.02,0.02,0.37,Y,0,Yes,1
JCP0049R,32,0.02,0.03,0.03,Y,0,No,1
JCP0533U,32,0.02,0.05,0.12,Y,2,No,1
JCP0948U,32,0.02,0.03,0.03,Y,2,No,1
JCP1030U,32,0.02,0.03,0.03,,1,Yes,1
JCP1234U,32,0.02,0.03,0.03,Y,2,No,1
JCP1253U,32,0.01,0.02,0.02,Y,0,No,0
